Temperature,Pressure,Vibration,Level
81.03503791333324,148.7365319606383,8.877302718372931,74.55221979922422
87.6377247545779,184.01791714237072,6.133124040850976,82.21496466061964
84.17691104203126,170.31118376183812,0.658136144343503,86.68852156007055
71.97786751585687,109.75745980094197,1.3510538524406712,87.43582873132324
91.44742041796496,111.35990212813662,7.525828090974496,66.57280967206128
80.25256753698342,142.8993906737563,9.937395920161894,95.22623556008942
95.81649119630643,193.9270728348636,5.140814701148325,67.98737490078551
61.05596676192554,161.58964869829182,8.499274749046808,85.40190709988029
82.94266981550795,179.03240725264828,2.979262977713548,59.722321503688555
61.59580697764263,160.37320517702486,7.770439454260782,90.80771776275029
70.99624639384652,157.81293481830593,0.2924358970781171,74.8593503334005
70.6139321389482,130.7619988742673,7.136229799669183,53.345179146710464
74.3769979885102,145.34689345052504,1.5878405434613951,88.23093918001896
94.81197847836471,133.6919934583808,2.0311274747245776,64.23642811448838
77.72200655673745,109.59350341451803,2.636537782868418,50.63259056450843
79.8570723604023,112.73031314283536,9.811466517144835,61.743583620367936
72.47284773837384,106.95865302687656,7.612373324490154,67.3431097033035
68.41436575773832,120.13242734248,1.747732167918029,77.25984751466835
88.68507010327943,134.99552359822061,0.8250961867367645,65.47813649744894
66.07286371583764,163.28231081457213,9.141817750569908,50.386566960286686
93.89291944414256,198.44599909709243,6.630611983891596,89.74728194680871
78.39064373412774,173.28072304557267,1.9513710545264762,96.79683451007418
95.44222708784297,142.30362795610566,1.4613786847321275,55.677452972127824
77.63727529343286,185.27958433537222,2.0015332880267267,66.7840660173998
83.367406340728,106.34532460458837,4.392960405552863,59.28216589166323
83.45220498238487,177.22643057656887,8.201567663574426,97.66504123785961
96.04958507391348,187.37362674931677,0.6707663493942717,56.43719766174051
77.55054642548431,100.8834035917152,6.857442072472882,58.64338771961711
61.90158450023816,137.5631456891619,9.352948737669584,54.70974250702626
70.78931833295104,177.03691584344958,2.19352203565463,61.36867157937774
84.12152930679855,135.55883180537916,6.218559093187852,87.98573381088126
93.58550956911249,142.9931052629368,5.73228116913711,50.19492812352996
88.78145950423972,188.6755892945356,7.737977889124447,80.60007842884363
80.5540232941814,113.8054147982464,0.005489884711435966,95.91246239005862
90.82121366167212,105.012178373992,3.156125730684752,96.24821484563651
81.46204260991917,172.64472745951676,1.9021379366166702,87.23724561942127
86.04825627656415,118.57565383864164,5.98729553598143,94.56034872525126
74.60464486249107,139.7640929479903,5.973583519280704,57.737574434001274
67.09947285914804,152.78937747620927,6.000821683078215,95.52233890390991
91.86160436609146,111.45058143502786,2.1187966307466954,96.18358695887957
79.78239309280622,153.851802369526,7.761351893898466,90.05792798723212
98.54114696986046,171.38587235422273,0.5819246733453343,56.53739336870582
86.57471573699054,173.28643176705756,5.287908413113027,55.72103473541304
87.7596590169641,190.69408239448086,3.279153126587432,87.35734835612075
99.86186434238738,169.0771386894919,7.608164964979913,78.94848410064118
92.95900573436037,172.03901652256022,8.644486798902415,66.56565506205627
75.64046815572614,173.85525811771342,0.967373713468096,97.70506179348219
73.51679625564209,145.37964247824974,8.912589420118595,52.014024662035965
73.1559768449727,174.43503761743887,5.3460072533015595,80.65111626354813
65.64423149308334,115.78066048017351,7.4754049794999755,76.66356965733628
87.5387985653051,166.56437358862624,3.9970285685022287,53.93969888714793
65.21912812163048,159.06966619136574,5.477987399224232,98.06235513412626
89.57197096452877,110.5840946746567,7.1732094319033335,51.47500204513574
74.19800900379299,188.616667153822,6.232763704634917,73.20249573768102
60.97182055204325,197.4361790282774,7.541862918209084,98.22649775855967
99.33638673331627,188.4702823394551,7.3856389473901265,62.63278022086173
70.40240401629214,128.6967569838539,8.429466777175225,59.55310876599173
69.4157924199408,189.5628005831644,8.263294482492983,68.58542739235952
94.77000578443416,175.84090386289515,9.11145093716633,91.41397831918223
89.10375494146479,157.23233346069514,2.834764265358891,98.06050664703953
80.12403477235594,105.00762350831988,1.887869342530989,50.43356638359339
93.01538956061627,134.4553142096926,9.488467955778809,89.67499889726635
68.86358925781424,158.37963544879685,3.995929052123406,62.41058812123418
94.08445552348635,166.8066869254282,7.578023442262888,86.18899227615596
88.35778581999432,105.56493109642699,7.601282473465184,96.0225214414118
98.56044152426797,181.33011054698605,0.5739998974704563,97.99552473380903
90.08698083362847,132.52198714945487,5.482331442215019,92.88070458634616
93.35408337545316,114.57404510951191,5.267595854705864,90.59983060970998
69.06475062498028,160.51095340157954,3.685239176296393,53.34590023038609
92.55658913243292,117.17254527806585,9.033250283072553,96.94103473227062
92.59310278457536,104.54817758334252,2.093671184947964,52.85513188797552
77.9656141116844,165.65302926842082,2.653055040061693,75.19563241890653
99.85546530936293,177.61992376109,0.5225766380320773,64.77856225538403
90.69998934459555,181.80743557272928,8.136764430392033,96.10254976855907
60.49484445678943,155.35262173061085,3.8775405962696166,75.6408855229196
97.70683491737287,196.48476756138956,0.5607744845890028,59.64313075443199
91.69475255688167,197.71641893628262,0.40707420753678836,77.47859941586522
61.77175980876302,110.2010009672685,0.6365039868166267,75.47070371138928
91.35472107475074,161.8646940683104,1.3165123156477865,51.23677456202762
65.35269237597515,164.7925291592601,5.7444893028643325,67.65541398230746
63.307541691163934,125.33741950940814,7.773282561392482,84.22307843139484
64.65131244820772,133.48925172094752,9.289631856518682,53.23715498765992
97.38031578629356,180.919926966096,3.3797872875356494,56.857098404498984
79.66422982490775,108.9114899850527,6.245088506774994,84.35411339601416
66.28824222287551,167.85815225852895,1.9458156996150189,60.98421203903345
72.70739673644135,174.95499778207449,9.095614104223406,88.9260483357118
96.02972407035196,140.7857601282613,4.687194615076687,95.2530155918369
94.27637718756534,186.2307548642299,3.34577685873926,87.02165450384622
69.43309038426982,102.48634373323672,3.057727939278502,95.01729805745536
63.34684523871681,135.8918124931925,1.9065119027153443,52.908808560223946
69.18084327376552,138.06872712902856,6.807601558530257,97.59731491037694
97.9531874076318,105.83493318992447,6.805973985399108,99.53937579123581
74.01117670522642,137.51195680910854,7.380567768603439,64.02233730293726
67.58822876188867,165.42521764647447,9.885334649178654,75.97137260068247
78.55098027991491,104.93436267786649,0.47185208344251217,54.66304776123462
74.15317747860013,165.21953809943878,6.635589004030685,75.50031917018065
83.25815771399778,181.30399080355235,7.148884467737272,61.77823387265451
71.30645946072512,198.00017222370266,0.8205322984177998,56.31633157296038
83.04678108574292,173.26389475784214,1.5597118388709363,93.746247625541
84.08312315298369,135.1376220991353,4.16382786626718,58.02345907819021
